<?xml version="1.0" encoding="UTF-8"?>
<project-private xmlns="http://www.netbeans.org/ns/project-private/1">
    <editor-bookmarks xmlns="http://www.netbeans.org/ns/editor-bookmarks/2" lastBookmarkId="0"/>
    <open-files xmlns="http://www.netbeans.org/ns/projectui-open-files/2">
        <group>
            <file>file:/F:/Practica-Programacion-2-master/PracticaFinal/src/vector/Vector.java</file>
            <file>file:/F:/Practica-Programacion-2-master/PracticaFinal/src/window/CirclePanel.java</file>
            <file>file:/F:/Practica-Programacion-2-master/PracticaFinal/src/vector/DivisionByZero.java</file>
            <file>file:/F:/Practica-Programacion-2-master/PracticaFinal/src/window/Circle.java</file>
            <file>file:/F:/Practica-Programacion-2-master/PracticaFinal/src/window/Window.java</file>
        </group>
    </open-files>
</project-private>
